Workbook

Sheet Rastreio
B4: CADÊ MEU JOGO Rastreio de compras de e-commerce baseado em seus códigos de rastreio
B17: Pedidos que Estão pra Chegar
B19: Order ID | C19: NOME DA NOTA | D19: CONSOLE | E19: NOME DO JOGO | F19: VERSÃO
B20: 2828220648 | C20: =VLOOKUP(B20,PEDIDOS!$B$4:$L$104,MATCH("Product Name",PEDIDOS!$B$4:$L$4,0),FALSE) -> Bought 1x [Super Mario Odyssey] - AliExpress [NDS] | D20: =SUBSTITUTE(SUBSTITUTE(RIGHT(C20,5),"[",""),"]","") -> NDS | E20: =MID(C20,(FIND("[",C20)+1),((FIND("]",C20))-(FIND("[",C20)+1))) -> Super Mario Odyssey | F20: =VLOOKUP(B20,PEDIDOS!$B:$L,MATCH("Version",PEDIDOS!$B$4:$L$4,0),FALSE) -> Normal [XP]
B21: 2593249747 | C21: =VLOOKUP(B21,PEDIDOS!$B$4:$L$104,MATCH("Product Name",PEDIDOS!$B$4:$L$4,0),FALSE) -> Bought 1x [Pokémon Moon] - AliExpress [NDS] | D21: =SUBSTITUTE(SUBSTITUTE(RIGHT(C21,5),"[",""),"]","") -> NDS | E21: =MID(C21,(FIND("[",C21)+1),((FIND("]",C21))-(FIND("[",C21)+1))) -> Pokémon Moon | F21: =VLOOKUP(B21,PEDIDOS!$B:$L,MATCH("Version",PEDIDOS!$B$4:$L$4,0),FALSE) -> Complete [DLX]
B22: 6055727313 | C22: =VLOOKUP(B22,PEDIDOS!$B$4:$L$104,MATCH("Product Name",PEDIDOS!$B$4:$L$4,0),FALSE) -> Bought 1x [Mega Man X] - AliExpress [NDS] | D22: =SUBSTITUTE(SUBSTITUTE(RIGHT(C22,5),"[",""),"]","") -> NDS | E22: =MID(C22,(FIND("[",C22)+1),((FIND("]",C22))-(FIND("[",C22)+1))) -> Mega Man X | F22: =VLOOKUP(B22,PEDIDOS!$B:$L,MATCH("Version",PEDIDOS!$B$4:$L$4,0),FALSE) -> Complete [XZ]!
B23: 2912430686 | C23: =VLOOKUP(B23,PEDIDOS!$B$4:$L$104,MATCH("Product Name",PEDIDOS!$B$4:$L$4,0),FALSE) -> Bought 1x [Super Mario 64 DS] - AliExpress [3DS] | D23: =SUBSTITUTE(SUBSTITUTE(RIGHT(C23,5),"[",""),"]","") -> 3DS | E23: =MID(C23,(FIND("[",C23)+1),((FIND("]",C23))-(FIND("[",C23)+1))) -> Super Mario 64 DS | F23: =VLOOKUP(B23,PEDIDOS!$B:$L,MATCH("Version",PEDIDOS!$B$4:$L$4,0),FALSE) -> Complete [DLX]
B24: 9483853306 | C24: =VLOOKUP(B24,PEDIDOS!$B$4:$L$104,MATCH("Product Name",PEDIDOS!$B$4:$L$4,0),FALSE) -> Bought 1x [Super Mario Galaxy] - AliExpress [3DS] | D24: =SUBSTITUTE(SUBSTITUTE(RIGHT(C24,5),"[",""),"]","") -> 3DS | E24: =MID(C24,(FIND("[",C24)+1),((FIND("]",C24))-(FIND("[",C24)+1))) -> Super Mario Galaxy | F24: =VLOOKUP(B24,PEDIDOS!$B:$L,MATCH("Version",PEDIDOS!$B$4:$L$4,0),FALSE) -> Complete [XZ]!
B27: Pedidos com Problema
B29: Order ID | C29: NOME DA NOTA | D29: CONSOLE | E29: NOME DO JOGO | F29: VERSÃO
B30: 3831998152 | C30: =VLOOKUP(B30,PEDIDOS!$B$4:$L$104,MATCH("Product Name",PEDIDOS!$B$4:$L$4,0),FALSE) -> Bought 1x [Paper Mario: The Thousand-Year Door] - AliExpress [NDS] | D30: =SUBSTITUTE(SUBSTITUTE(RIGHT(C30,5),"[",""),"]","") -> NDS | E30: =MID(C30,(FIND("[",C30)+1),((FIND("]",C30))-(FIND("[",C30)+1))) -> Paper Mario: The Thousand-Year Door | F30: =VLOOKUP(B30,PEDIDOS!$B:$L,MATCH("Version",PEDIDOS!$B$4:$L$4,0),FALSE) -> Normal [XP]
B31: 5561729620 | C31: =VLOOKUP(B31,PEDIDOS!$B$4:$L$104,MATCH("Product Name",PEDIDOS!$B$4:$L$4,0),FALSE) -> Bought 1x [Pokémon Red] - AliExpress [NDS] | D31: =SUBSTITUTE(SUBSTITUTE(RIGHT(C31,5),"[",""),"]","") -> NDS | E31: =MID(C31,(FIND("[",C31)+1),((FIND("]",C31))-(FIND("[",C31)+1))) -> Pokémon Red | F31: =VLOOKUP(B31,PEDIDOS!$B:$L,MATCH("Version",PEDIDOS!$B$4:$L$4,0),FALSE) -> Complete [DLX]
B32: 6864946536 | C32: =VLOOKUP(B32,PEDIDOS!$B$4:$L$104,MATCH("Product Name",PEDIDOS!$B$4:$L$4,0),FALSE) -> Bought 1x [New Super Mario Bros. U] - AliExpress [SWT] | D32: =SUBSTITUTE(SUBSTITUTE(RIGHT(C32,5),"[",""),"]","") -> SWT | E32: =MID(C32,(FIND("[",C32)+1),((FIND("]",C32))-(FIND("[",C32)+1))) -> New Super Mario Bros. U | F32: =VLOOKUP(B32,PEDIDOS!$B:$L,MATCH("Version",PEDIDOS!$B$4:$L$4,0),FALSE) -> Normal [V3]!
B33: 5415997812 | C33: =VLOOKUP(B33,PEDIDOS!$B$4:$L$104,MATCH("Product Name",PEDIDOS!$B$4:$L$4,0),FALSE) -> Bought 1x [Animal Crossing: New Leaf] - AliExpress [SWT] | D33: =SUBSTITUTE(SUBSTITUTE(RIGHT(C33,5),"[",""),"]","") -> SWT | E33: =MID(C33,(FIND("[",C33)+1),((FIND("]",C33))-(FIND("[",C33)+1))) -> Animal Crossing: New Leaf | F33: =VLOOKUP(B33,PEDIDOS!$B:$L,MATCH("Version",PEDIDOS!$B$4:$L$4,0),FALSE) -> Complete [DLX]
B34: 5074725258 | C34: =VLOOKUP(B34,PEDIDOS!$B$4:$L$104,MATCH("Product Name",PEDIDOS!$B$4:$L$4,0),FALSE) -> Bought 1x [The Legend of Zelda: A Link Between Worlds] - AliExpress [3DS] | D34: =SUBSTITUTE(SUBSTITUTE(RIGHT(C34,5),"[",""),"]","") -> 3DS | E34: =MID(C34,(FIND("[",C34)+1),((FIND("]",C34))-(FIND("[",C34)+1))) -> The Legend of Zelda: A Link Between Worlds | F34: =VLOOKUP(B34,PEDIDOS!$B:$L,MATCH("Version",PEDIDOS!$B$4:$L$4,0),FALSE) -> Complete [DLC+]
B36: Pedidos que vão ser devolvidos
B38: Order ID | C38: NOME DA NOTA | D38: CONSOLE | E38: NOME DO JOGO | F38: VERSÃO
B39: 4319579638 | C39: =VLOOKUP(B39,PEDIDOS!$B$4:$L$104,MATCH("Product Name",PEDIDOS!$B$4:$L$4,0),FALSE) -> Bought 1x [Pokémon Let's Go, Pikachu!] - AliExpress [SWT] | D39: =SUBSTITUTE(SUBSTITUTE(RIGHT(C39,5),"[",""),"]","") -> SWT | E39: =MID(C39,(FIND("[",C39)+1),((FIND("]",C39))-(FIND("[",C39)+1))) -> Pokémon Let's Go, Pikachu! | F39: =VLOOKUP(B39,PEDIDOS!$B:$L,MATCH("Version",PEDIDOS!$B$4:$L$4,0),FALSE) -> Complete [DLX]
B40: 2533510230 | C40: =VLOOKUP(B40,PEDIDOS!$B$4:$L$104,MATCH("Product Name",PEDIDOS!$B$4:$L$4,0),FALSE) -> Bought 1x [Yoshi's Crafted World] - AliExpress [SWT] | D40: =SUBSTITUTE(SUBSTITUTE(RIGHT(C40,5),"[",""),"]","") -> SWT | E40: =MID(C40,(FIND("[",C40)+1),((FIND("]",C40))-(FIND("[",C40)+1))) -> Yoshi's Crafted World | F40: =VLOOKUP(B40,PEDIDOS!$B:$L,MATCH("Version",PEDIDOS!$B$4:$L$4,0),FALSE) -> Complete [DLC+]
B41: 3044929118 | C41: =VLOOKUP(B41,PEDIDOS!$B$4:$L$104,MATCH("Product Name",PEDIDOS!$B$4:$L$4,0),FALSE) -> Bought 1x [Luigi's Mansion] - AliExpress [NDS] | D41: =SUBSTITUTE(SUBSTITUTE(RIGHT(C41,5),"[",""),"]","") -> NDS | E41: =MID(C41,(FIND("[",C41)+1),((FIND("]",C41))-(FIND("[",C41)+1))) -> Luigi's Mansion | F41: =VLOOKUP(B41,PEDIDOS!$B:$L,MATCH("Version",PEDIDOS!$B$4:$L$4,0),FALSE) -> Normal [V3]!
B42: 7595400160 | C42: =VLOOKUP(B42,PEDIDOS!$B$4:$L$104,MATCH("Product Name",PEDIDOS!$B$4:$L$4,0),FALSE) -> Bought 1x [Fire Emblem: Sacred Stones] - AliExpress [3DS] | D42: =SUBSTITUTE(SUBSTITUTE(RIGHT(C42,5),"[",""),"]","") -> 3DS | E42: =MID(C42,(FIND("[",C42)+1),((FIND("]",C42))-(FIND("[",C42)+1))) -> Fire Emblem: Sacred Stones | F42: =VLOOKUP(B42,PEDIDOS!$B:$L,MATCH("Version",PEDIDOS!$B$4:$L$4,0),FALSE) -> Complete [DLX]
B43: 3129537165 | C43: =VLOOKUP(B43,PEDIDOS!$B$4:$L$104,MATCH("Product Name",PEDIDOS!$B$4:$L$4,0),FALSE) -> Bought 1x [Yoshi's Crafted World] - AliExpress [3DS] | D43: =SUBSTITUTE(SUBSTITUTE(RIGHT(C43,5),"[",""),"]","") -> 3DS | E43: =MID(C43,(FIND("[",C43)+1),((FIND("]",C43))-(FIND("[",C43)+1))) -> Yoshi's Crafted World | F43: =VLOOKUP(B43,PEDIDOS!$B:$L,MATCH("Version",PEDIDOS!$B$4:$L$4,0),FALSE) -> Complete [XZ]!
B44: 8509378705 | C44: =VLOOKUP(B44,PEDIDOS!$B$4:$L$104,MATCH("Product Name",PEDIDOS!$B$4:$L$4,0),FALSE) -> Bought 1x [Pokémon Sun] - AliExpress [SWT] | D44: =SUBSTITUTE(SUBSTITUTE(RIGHT(C44,5),"[",""),"]","") -> SWT | E44: =MID(C44,(FIND("[",C44)+1),((FIND("]",C44))-(FIND("[",C44)+1))) -> Pokémon Sun | F44: =VLOOKUP(B44,PEDIDOS!$B:$L,MATCH("Version",PEDIDOS!$B$4:$L$4,0),FALSE) -> Complete [DLC+]
B47: Pedidos que estão marcados com determinado status
B49: Shipped
B50: Order ID | C50: Tracking Number | D50: Product Name | E50: Quantity | F50: Unit Price | G50: Order Date | H50: Order Status | I50: Tax Paid | J50: Shipping Fee | K50: Description | L50: Version
B51: {=_xlfn._xlws.FILTER(PEDIDOS!$B:$L,PEDIDOS!$H:$H=Rastreio!B49)} -> 2710393603 | C51: FQYJB7WVX1BA | D51: Bought 1x [Pokémon SoulSilver] - AliExpress [SWT] | E51: 1 | F51: 42.5 | G51: 45774 | H51: Shipped | I51: 35 | J51: 26 | K51: Game: Pokémon SoulSilver. A must-play for fans! | L51: Normal [XP]
B52: 5088223175 | C52: K9V2ZOC8O311 | D52: Bought 1x [Pokémon Let's Go, Eevee!] - AliExpress [SWT] | E52: 1 | F52: 57.9 | G52: 45773 | H52: Shipped | I52: 37 | J52: 16 | K52: Game: Pokémon Let's Go, Eevee!. A must-play for fans! | L52: Complete [XZ]!
B53: 7417909614 | C53: 3OAI38M9Y64J | D53: Bought 1x [The Legend of Zelda: Twilight Princess] - AliExpress [SWT] | E53: 1 | F53: 34.8 | G53: 45765 | H53: Shipped | I53: 87 | J53: 23 | K53: Game: The Legend of Zelda: Twilight Princess. A must-play for fans! | L53: Complete [DLX]
B54: 6443460666 | C54: Z10RJ2U971AA | D54: Bought 1x [Donkey Kong Country Returns] - AliExpress [SWT] | E54: 1 | F54: 36.3 | G54: 45764 | H54: Shipped | I54: 93 | J54: 14 | K54: Game: Donkey Kong Country Returns. A must-play for fans! | L54: Normal [V3]!
B55: 8282480555 | C55: VAFVXPU4P6WN | D55: Bought 1x [Metroid Dread] - AliExpress [NDS] | E55: 1 | F55: 17.9 | G55: 45771 | H55: Shipped | I55: 28 | J55: 18 | K55: Game: Metroid Dread. A must-play for fans! | L55: Complete [XZ]!
B56: 1886589634 | C56: 1RRJR0ZKIS6I | D56: Bought 1x [Luigi's Mansion] - AliExpress [SWT] | E56: 1 | F56: 25.9 | G56: 45762 | H56: Shipped | I56: 63 | J56: 11 | K56: Game: Luigi's Mansion. A must-play for fans! | L56: Normal [V3]!
B57: 7644402612 | C57: 25BGKYQZDQFM | D57: Bought 1x [Mario Kart 8 Deluxe] - AliExpress [SWT] | E57: 1 | F57: 42.4 | G57: 45760 | H57: Shipped | I57: 72 | J57: 11 | K57: Game: Mario Kart 8 Deluxe. A must-play for fans! | L57: Normal [XP]
B58: 2712992845 | C58: 23F0OV43Q8H8 | D58: Bought 1x [Fire Emblem: Sacred Stones] - AliExpress [SWT] | E58: 1 | F58: 54.1 | G58: 45770 | H58: Shipped | I58: 91 | J58: 23 | K58: Game: Fire Emblem: Sacred Stones. A must-play for fans! | L58: Complete [DLX]
B59: 3831998152 | C59: R3LBB8CCACNU | D59: Bought 1x [Paper Mario: The Thousand-Year Door] - AliExpress [NDS] | E59: 1 | F59: 15 | G59: 45763 | H59: Shipped | I59: 59 | J59: 25 | K59: Game: Paper Mario: The Thousand-Year Door. A must-play for fans! | L59: Normal [XP]
B60: 5074725258 | C60: IBDYTUO8B5WV | D60: Bought 1x [The Legend of Zelda: A Link Between Worlds] - AliExpress [3DS] | E60: 1 | F60: 40.5 | G60: 45776 | H60: Shipped | I60: 70 | J60: 16 | K60: Game: The Legend of Zelda: A Link Between Worlds. A must-play for fans! | L60: Complete [DLC+]
B61: 3790147896 | C61: 4U1XNGSK6N6M | D61: Bought 1x [The Legend of Zelda: A Link to the Past] - AliExpress [NDS] | E61: 1 | F61: 10.3 | G61: 45765 | H61: Shipped | I61: 86 | J61: 22 | K61: Game: The Legend of Zelda: A Link to the Past. A must-play for fans! | L61: Complete [DLC+]
B62: 2782438837 | C62: R6JKWBGVHSKJ | D62: Bought 1x [Super Smash Bros. Ultimate] - AliExpress [3DS] | E62: 1 | F62: 20.8 | G62: 45770 | H62: Shipped | I62: 68 | J62: 15 | K62: Game: Super Smash Bros. Ultimate. A must-play for fans! | L62: Complete [DLX]
B63: 5100939764 | C63: J7GZGHTV5NL4 | D63: Bought 1x [Super Mario All-Stars] - AliExpress [NDS] | E63: 1 | F63: 37.2 | G63: 45775 | H63: Shipped | I63: 41 | J63: 15 | K63: Game: Super Mario All-Stars. A must-play for fans! | L63: Normal [V3]!
... B91: 8509378705 | C91: VRY0LE9LS6C3 | D91: Bought 1x [Pokémon Sun] - AliExpress [SWT] | E91: 1 | F91: 41.1 | G91: 45759 | H91: Shipped | I91: 65 | J91: 28 | K91: Game: Pokémon Sun. A must-play for fans! | L91: Complete [DLC+]

Sheet PEDIDOS
B4: Order ID | C4: Tracking Number | D4: Product Name | E4: Quantity | F4: Unit Price | G4: Order Date | H4: Order Status | I4: Tax Paid | J4: Shipping Fee | K4: Description | L4: Version
B5: 2710393603 | C5: FQYJB7WVX1BA | D5: Bought 1x [Pokémon SoulSilver] - AliExpress [SWT] | E5: 1 | F5: 42.5 | G5: 45774 | H5: Shipped | I5: 35 | J5: 26 | K5: Game: Pokémon SoulSilver. A must-play for fans! | L5: Normal [XP]
B6: 5088223175 | C6: K9V2ZOC8O311 | D6: Bought 1x [Pokémon Let's Go, Eevee!] - AliExpress [SWT] | E6: 1 | F6: 57.9 | G6: 45773 | H6: Shipped | I6: 37 | J6: 16 | K6: Game: Pokémon Let's Go, Eevee!. A must-play for fans! | L6: Complete [XZ]!
B7: 6603321989 | C7: TQW81874SW9B | D7: Bought 1x [Mario Tennis Open] - AliExpress [3DS] | E7: 1 | F7: 37.5 | G7: 45767 | H7: Delivered | I7: 73 | J7: 20 | K7: Game: Mario Tennis Open. A must-play for fans! | L7: Complete [DLX]
B8: 7417909614 | C8: 3OAI38M9Y64J | D8: Bought 1x [The Legend of Zelda: Twilight Princess] - AliExpress [SWT] | E8: 1 | F8: 34.8 | G8: 45765 | H8: Shipped | I8: 87 | J8: 23 | K8: Game: The Legend of Zelda: Twilight Princess. A must-play for fans! | L8: Complete [DLX]
B9: 2828220648 | C9: NYS1UKKWB3IQ | D9: Bought 1x [Super Mario Odyssey] - AliExpress [NDS] | E9: 1 | F9: 11.6 | G9: 45766 | H9: Delivered | I9: 84 | J9: 11 | K9: Game: Super Mario Odyssey. A must-play for fans! | L9: Normal [XP]
B10: 6202988269 | C10: 83OT9A31ZM44 | D10: Bought 1x [Animal Crossing: New Leaf] - AliExpress [NDS] | E10: 1 | F10: 36.8 | G10: 45765 | H10: Pending | I10: 24 | J10: 19 | K10: Game: Animal Crossing: New Leaf. A must-play for fans! | L10: Normal [V3]!
B11: 8918845131 | C11: 3ECR4N54MIV6 | D11: Bought 1x [Pokémon Black] - AliExpress [NDS] | E11: 1 | F11: 13.7 | G11: 45767 | H11: Pending | I11: 65 | J11: 17 | K11: Game: Pokémon Black. A must-play for fans! | L11: Complete [DLX]
B12: 9718773388 | C12: DXL5436QAPFJ | D12: Bought 1x [Metroid Prime Hunters] - AliExpress [SWT] | E12: 1 | F12: 23.9 | G12: 45777 | H12: Pending | I12: 22 | J12: 27 | K12: Game: Metroid Prime Hunters. A must-play for fans! | L12: Complete [DLC+]
B13: 6443460666 | C13: Z10RJ2U971AA | D13: Bought 1x [Donkey Kong Country Returns] - AliExpress [SWT] | E13: 1 | F13: 36.3 | G13: 45764 | H13: Shipped | I13: 93 | J13: 14 | K13: Game: Donkey Kong Country Returns. A must-play for fans! | L13: Normal [V3]!
B14: 1134833448 | C14: VD8C2P78DFY9 | D14: Bought 1x [Pokémon Platinum] - AliExpress [NDS] | E14: 1 | F14: 40.2 | G14: 45759 | H14: Delivered | I14: 30 | J14: 30 | K14: Game: Pokémon Platinum. A must-play for fans! | L14: Complete [XZ]!
B15: 8159289361 | C15: X2RH4QXQTPL0 | D15: Bought 1x [The Legend of Zelda: Wind Waker] - AliExpress [NDS] | E15: 1 | F15: 42.8 | G15: 45769 | H15: Delivered | I15: 86 | J15: 27 | K15: Game: The Legend of Zelda: Wind Waker. A must-play for fans! | L15: Normal [XP]
B16: 3805404645 | C16: 8SLVOSG6EVJR | D16: Bought 1x [Fire Emblem: Fates] - AliExpress [SWT] | E16: 1 | F16: 55.7 | G16: 45770 | H16: Pending | I16: 75 | J16: 27 | K16: Game: Fire Emblem: Fates. A must-play for fans! | L16: Complete [DLX]
... B104: 8509378705 | C104: VRY0LE9LS6C3 | D104: Bought 1x [Pokémon Sun] - AliExpress [SWT] | E104: 1 | F104: 41.1 | G104: 45759 | H104: Shipped | I104: 65 | J104: 28 | K104: Game: Pokémon Sun. A must-play for fans! | L104: Complete [DLC+]

Sheet LISTA
A1: Order Status
A2: Shipped
A3: Delivered
A4: Pending
